{
  "episode_rewards": [
    -79.65519611537457,
    -80.97445493936539,
    -79.45669899880886,
    -79.0506139099598,
    -84.53144180774689,
    -78.1353567391634,
    -84.3347205221653,
    -82.4772497266531,
    -81.80771632492542,
    -82.66785497963428,
    -79.1680039614439,
    -81.43773990869522,
    -82.43082571029663,
    -79.54006454348564,
    -80.48871129751205,
    -84.06123051047325,
    -75.76158905029297,
    -82.86240223050117,
    -82.5843238979578,
    -78.93236813694239,
    -82.00369207561016,
    -81.49136957526207,
    -80.00955998897552,
    -80.0298331528902,
    -77.88404084742069,
    -83.68878510594368,
    -80.6425670683384,
    -83.08983933925629
  ],
  "episode_delays": [
    59239.0,
    57945.0,
    61719.0,
    60264.0,
    55657.0,
    58253.0,
    57922.0,
    58792.0,
    62183.0,
    53641.0,
    53418.0,
    60677.0,
    52647.0,
    58483.0,
    53858.0,
    54304.0,
    48197.0,
    62704.0,
    61716.0,
    59395.0,
    57265.0,
    47655.0,
    52731.0,
    56529.0,
    48099.0,
    55911.0,
    54859.0,
    57173.0
  ],
  "total_episodes": 28,
  "mean_reward": -81.04279465946767,
  "best_reward": -75.76158905029297
}